Image,Age
10049200_1891-09-16_1958.jpg,66
30092400_1905-06-20_1980.jpg,75
11035100_1984-08-03_2009.jpg,24
31010400_1981-09-15_2014.jpg,32
41068800_1982-01-18_2008.jpg,26
41079800_1987-10-01_2011.jpg,23
22015000_1925-01-12_2003.jpg,78
2202900_1919-04-24_1999.jpg,80
2301200_1981-10-22_2011.jpg,29
33034300_1995-11-06_2014.jpg,18
14007800_1983-05-06_2015.jpg,32
14045000_1908-06-24_2002.jpg,94
440000_1978-07-12_2012.jpg,33
44017500_1927-01-16_2010.jpg,83
2808300_1963-09-19_2009.jpg,45
19017900_1982-02-03_2015.jpg,33
1904800_1970-02-12_2008.jpg,38
39038700_1882-06-05_1953.jpg,71
10110600_1985-09-17_2012.jpg,26
10166400_1960-03-12_2008.jpg,48
20166800_1974-08-01_2012.jpg,37
311200_1943-09-21_2013.jpg,69
311900_1959-03-29_2010.jpg,51
12170800_1982-12-15_2013.jpg,30
32161100_1986-05-01_2011.jpg,25
32164500_1994-01-04_2015.jpg,21
3316300_1970-06-10_2012.jpg,42
44126100_1934-12-17_2009.jpg,74
25192500_1989-02-25_2013.jpg,24
2616800_1939-09-14_2007.jpg,67
8615500_1973-05-22_2014.jpg,41
1716100_1958-02-13_2013.jpg,55
8911400_1977-10-04_2010.jpg,32
10292500_1984-03-26_2009.jpg,25
3127100_1978-05-11_2008.jpg,30
41253700_1959-03-20_2007.jpg,48
33264600_1993-10-13_2012.jpg,18
1422400_1958-01-07_1987.jpg,29
1427800_1932-05-08_2005.jpg,73
45247000_1977-12-03_2008.jpg,30
262800_1943-04-06_2011.jpg,68
36279000_1989-06-10_2013.jpg,24
7727200_1979-02-04_2008.jpg,29
882800_1967-12-07_2015.jpg,47
19248600_1958-05-25_2015.jpg,57
3920700_1980-08-06_2011.jpg,30
1035700_1945-11-27_2013.jpg,67
30335800_1979-12-28_2014.jpg,34
1138200_1963-02-24_2014.jpg,51
413100_1964-09-14_1994.jpg,29
5139000_1963-02-006_2009.jpg,46
2232500_1961-08-22_2007.jpg,45
32357000_1877-06-13_1950.jpg,73
1333800_1979-04-09_2001.jpg,22
1335100_1954-09-18_2007.jpg,52
23300_1962-06-19_2011.jpg,49
33348100_1971-07-28_2014.jpg,42
34308200_1971-09-23_2011.jpg,39
4430600_1981-06-15_2008.jpg,27
543800_1965-07-01_2010.jpg,44
743900_1970-02-18_2010.jpg,40
9430500_1952-06-17_2011.jpg,59
15340800_1989-07-13_2008.jpg,18
1536200_1982-06-25_2014.jpg,32
35360200_1996-11-01_2012.jpg,15
45348100_1986-12-05_2014.jpg,27
753400_1967-02-20_1993.jpg,26
1638200_1931-01-30_2007.jpg,76
36380400_1962-08-12_2011.jpg,48
663500_1936-11-25_2013.jpg,76
7739200_1962-05-19_2015.jpg,53
1836500_1984-01-31_2015.jpg,31
3839200_1923-07-02_2005.jpg,81
69300_1950-05-11_2009.jpg,59
3046100_1983-08-26_2010.jpg,26
2141000_1982-10-31_2008.jpg,25
21452700_1989-04-03_2012.jpg,23
3147600_1980-06-13_2012.jpg,32
23497100_1983-02-21_2013.jpg,30
3343200_1977-02-17_2002.jpg,25
24434700_1960-04-21_1997.jpg,37
34405400_1987-07-22_2014.jpg,26
34465400_1935-09-25_1950.jpg,14
944600_1968-02-05_2006.jpg,38
15472000_1979-03-07_2015.jpg,36
45484800_1994-08-30_2014.jpg,19
764000_1954-03-17_2008.jpg,54
1741200_1967-06-28_2012.jpg,45
17470000_1985-09-13_2009.jpg,23
4744600_1959-05-08_2009.jpg,50
28423700_1887-04-27_1946.jpg,59
784200_1962-06-27_2006.jpg,44
4943200_1955-01-10_2010.jpg,55
7948400_1983-05-25_2003.jpg,20
10525500_1916-02-14_1951.jpg,35
20562000_1984-06-27_2013.jpg,29
305500_1940-09-18_1963.jpg,22
40507400_1991-04-12_2014.jpg,23
805000_1960-07-30_2015.jpg,54
21501500_1980-04-24_2009.jpg,29
41558300_1901-04-10_1942.jpg,41
5158300_1950-09-14_2013.jpg,62
22558700_1983-08-25_2014.jpg,30
32504400_1952-01-19_1974.jpg,22
3258100_1982-07-07_2011.jpg,28
4252600_1972-09-06_2010.jpg,37
7354900_1946-11-01_2010.jpg,63
24503600_1990-05-22_2011.jpg,21
2452600_1967-08-22_2013.jpg,45
15515600_1954-01-22_2006.jpg,52
1554700_1965-12-07_2013.jpg,47
15550600_1973-11-01_2000.jpg,26
35555300_1989-11-09_2012.jpg,22
855800_1943-08-18_1976.jpg,32
4657900_1986-07-05_2014.jpg,27
17509100_1945-02-09_2005.jpg,60
37500_1944-01-23_2010.jpg,66
5751800_1950-09-09_2010.jpg,59
7758600_1979-08-02_2010.jpg,30
19544100_1906-01-11_1993.jpg,87
39570100_1934-11-06_1992.jpg,57
3063200_1976-06-29_2014.jpg,38
40608300_1960-09-29_2009.jpg,48
31632200_1973-12-18_2014.jpg,40
9163300_1966-04-13_2011.jpg,45
12611800_1950-08-17_2011.jpg,60
12645800_1988-05-02_2009.jpg,21
12676100_1969-01-27_2014.jpg,45
22675200_1981-09-28_2009.jpg,27
32633400_1980-03-17_2010.jpg,30
42664200_1969-03-14_2011.jpg,42
1363900_1978-02-02_2010.jpg,32
33623200_1989-10-03_2012.jpg,22
43681600_1981-09-30_2010.jpg,28
2669900_1933-07-29_1968.jpg,34
36606300_1984-08-03_2014.jpg,29
46686400_1992-04-09_2015.jpg,23
46687200_1988-11-30_2014.jpg,25
30782100_1992-09-07_2013.jpg,20
21718500_1986-06-01_2010.jpg,24
21750900_1984-06-06_2009.jpg,25
2277500_1976-11-04_2009.jpg,32
42755500_1973-06-04_2014.jpg,41
1372000_1971-12-02_2009.jpg,37
1479500_1962-10-04_2011.jpg,48
24746800_1990-07-24_2012.jpg,21
34716200_1953-09-12_2011.jpg,57
5477800_1970-06-08_2011.jpg,41
947500_1976-03-13_2015.jpg,39
1578500_1919-06-14_1959.jpg,40
25753700_1986-07-23_2011.jpg,24
35798200_1987-08-03_2014.jpg,26
36705800_1982-03-17_2013.jpg,31
46730400_1922-05-27_2013.jpg,91
9675700_1945-08-16_2009.jpg,63
1778000_1960-01-17_2014.jpg,54
2772900_1934-10-18_1971.jpg,36
6774400_1969-07-18_2009.jpg,39
18763900_1943-01-23_2008.jpg,65
28728600_1986-11-11_2009.jpg,22
487200_1890-12-11_1964.jpg,73
787300_1967-03-16_2014.jpg,47
1979400_1978-03-21_2005.jpg,27
697700_1929-11-07_1966.jpg,36
797100_1917-11-02_1940.jpg,22
208200_1921-11-03_1966.jpg,44
2085000_1966-07-12_2011.jpg,44
51800_1942-02-01_2007.jpg,65
81800_1986-06-13_2011.jpg,25
12889900_1980-12-02_2013.jpg,32
328700_1959-08-10_2012.jpg,52
42851200_1981-08-16_2014.jpg,32
23804200_1950-03-31_2013.jpg,63
2581400_1954-04-17_2007.jpg,53
35833400_1966-04-06_2013.jpg,47
1687000_1932-12-12_1962.jpg,29
36883800_1990-01-22_2014.jpg,24
868000_1977-04-25_2009.jpg,32
6789900_1956-02-03_1978.jpg,22
878700_1920-05-20_2001.jpg,81
18814200_1983-08-29_2005.jpg,21
18890000_1975-04-01_2009.jpg,34
28886000_1928-01-17_2009.jpg,81
28892600_1995-02-06_2013.jpg,18
10967900_1956-03-18_2007.jpg,51
10996600_1988-06-15_2008.jpg,20
40965900_1931-12-18_1989.jpg,57
21988100_1911-06-11_1941.jpg,30
22945600_1991-05-17_2012.jpg,21
2298900_1966-09-07_2003.jpg,36
32955900_1970-01-21_2014.jpg,44
33943500_1962-03-06_2010.jpg,48
6399700_1943-01-05_1973.jpg,30
2490600_1970-02-04_2013.jpg,43
24973700_1951-03-22_2008.jpg,57
25910800_1987-08-11_2009.jpg,21
25947000_1974-08-30_2013.jpg,38
46948500_1994-10-08_2012.jpg,17
46994400_1992-02-09_2015.jpg,23
18969800_1957-12-10_2009.jpg,51
18994300_1930-08-19_2007.jpg,76
489500_1970-05-05_2006.jpg,36
19910800_1991-06-26_2011.jpg,20
2991300_1982-04-03_2014.jpg,32
4998900_1966-04-22_2015.jpg,49
5998900_1978-11-30_2011.jpg,32
7999300_1961-02-04_2007.jpg,46